transport_mode,billions_passenger_km
Air,1729.9899412226052
Buses,772.3949395846328
Other,1482.5963390641598
Passenger cars,10840.111702904765
Rail,561.5467701754075